index,time,curr_in,curr_out
0,0.0009999275207519531,6.0,0.0
1,0.009999990463256836,5.988077232906906,0.04
2,0.019999980926513672,5.95211847450854,3.66
3,0.029999971389770508,5.891911168169889,4.77
4,0.039999961853027344,5.8073436207317295,4.61
5,0.04999995231628418,5.698408910695236,4.82
6,0.059999942779541016,5.565208416328236,4.87
7,0.06999993324279785,5.4079549256703,4.88
8,0.07999992370605469,5.226975290889207,4.66
9,0.08999991416931152,5.022712590189754,3.21
10,0.09999990463256836,4.795727761509912,1.97
11,0.1099998950958252,4.546700673570505,1.66
12,0.12099981307983398,4.276430601482386,1.34
13,0.13099980354309082,3.9858360760681366,1.16
14,0.14099979400634766,3.6759540783298155,1.06
15,0.1509997844696045,3.347938553094833,0.91
16,0.16099977493286133,3.003058218800868,0.88
17,0.17100000381469727,2.642693653637879,0.85
18,0.1809999942779541,2.2683336418480478,0.8
19,0.19099998474121094,1.8815707678878038,0.68
20,0.19999980926513672,1.484096250371669,0.71
21,0.2109999656677246,1.0776940122346075,0.71
22,0.22099995613098145,0.664233988353596,0.63
23,0.23099994659423828,0.24566467694282262,0.65
24,0.24099993705749512,-0.17599505364028767,0.63
25,0.25,-0.5986648854934767,0.51
26,0.2609999179840088,-1.020212676242724,0.25
27,0.26999998092651367,-1.4384647597488192,-0.35
28,0.28099989891052246,-1.85121688756294,-0.59
29,0.2909998893737793,-2.2562457701090803,-0.9
30,0.30099987983703613,-2.651321170380511,-1.18
31,0.31099987030029297,-3.0342184967379664,-1.51
32,0.3209998607635498,-3.402731835236362,-1.89
33,0.33099985122680664,-3.754687355834717,-2.25
34,0.3409998416900635,-4.08795702091359,-2.59
35,0.3509998321533203,-4.400472518790885,-2.93
36,0.36099982261657715,-4.690239339447562,-3.23
37,0.370999813079834,-4.955350904508915,-3.52
38,0.3809998035430908,-5.194002658734497,0.9
39,0.39099979400634766,-5.404506025912125,4.3
40,0.4009997844696045,-5.585302128189847,4.57
41,0.41099977493286133,-5.734975164576092,4.68
42,0.42100000381469727,-5.852265341652753,5.17
43,0.4309999942779541,-5.936081247538578,5.09
44,0.44099998474121094,-5.985511558868028,5.15
45,0.4509999752044678,-5.999835970069102,4.04
46,0.4609999656677246,-5.978535234583697,2.2
47,0.47099995613098145,-5.921300208924174,1.87
48,0.4809999465942383,-5.828039792642494,1.63
49,0.4909999370574951,-5.698887660441578,1.43
50,0.5,-5.534207686813796,1.32
51,0.5109999179840088,-5.334597968773513,1.11
52,0.5209999084472656,-5.100893358476496,1.01
53,0.5299999713897705,-4.834166424797716,0.92
54,0.5409998893737793,-4.535726771270594,0.89
55,0.5499999523162842,-4.207118647165749,0.85
56,0.559999942779541,-3.8501167988860328,0.86
57,0.5699999332427979,-3.4667205202471933,0.7
58,0.5799999237060547,-3.0591458725586413,0.74
59,0.5899999141693115,-2.6298160586638843,0.64
60,0.5999999046325684,-2.1813499491814,0.62
61,0.6099998950958252,-1.7165487740275303,0.61
62,0.619999885559082,-1.2383810078159962,0.62
63,0.6299998760223389,-0.7499654938135706,0.58
64,0.6399998664855957,-0.25455286767759344,0.62
65,0.6499998569488525,0.24449464091570822,0.59
66,0.6599998474121094,0.7437249335547831,0.47
67,0.6710000038146973,1.2396191829433474,0.19
68,0.679999828338623,1.7286162579186761,-0.41
69,0.6899998188018799,2.207138287440432,-0.78
70,0.6999998092651367,2.671617200980685,-1.06
71,0.7109999656677246,3.118522066976973,-1.41
72,0.7199997901916504,3.5443870360252365,-1.88
73,0.7299997806549072,3.9458396814745966,-2.28
74,0.7399997711181641,4.319629517227504,-2.68
75,0.75,4.66265646103464,-2.99
76,0.7599999904632568,4.971999001589257,-3.41
77,0.7699999809265137,5.244941819452217,-3.73
78,0.7799999713897705,5.479002605452453,0.61
79,0.7899999618530273,5.671957815875335,4.46
80,0.7999999523162842,5.821867101630431,4.81
81,0.809999942779541,5.927096148824488,4.89
82,0.8199999332427979,5.986337670883838,5.36
83,0.8299999237060547,5.998630297684074,5.31
84,0.8399999141693115,5.963375115144958,5.34
85,0.8499999046325684,5.880349619504109,3.57
86,0.8599998950958252,5.749718864038524,2.2
87,0.869999885559082,5.572043592376469,1.84
88,0.8799998760223389,5.348285171723319,1.59
89,0.8899998664855957,5.079807161272898,1.36
90,0.8999998569488525,4.768373375718511,1.28
91,0.9099998474121094,4.416142331010037,1.11
92,0.9199998378753662,4.025657989185881,1.04
93,0.929999828338623,3.5998367510681435,0.96
94,0.9399998188018799,3.1419506796370187,0.9
95,0.9499998092651367,2.6556069727535623,0.86
96,0.9609999656677246,2.1447237413015205,0.75
97,0.9699997901916504,1.61350218745738,0.74
98,0.9799997806549072,1.0663953173325937,0.75
99,0.9899997711181641,0.5080733622889494,0.69
100,1.0,-0.05661387659088277,0.61
101,1.0099999904632568,-0.6226775065158303,0.62
102,1.0199999809265137,-1.1850325499876213,0.61
103,1.0299999713897705,-1.7385431493737364,-0.24
104,1.0399999618530273,-2.27806960139978,-0.7
105,1.0499999523162842,-2.798516819845986,-1.07
106,1.059999942779541,-3.294883793330012,-1.43
107,1.0699999332427979,-3.762313576802451,-1.9
108,1.0799999237060547,-4.196143330751555,-2.36
109,1.0899999141693115,-4.591953901572287,-2.79
110,1.0999999046325684,-4.945618420545559,-3.14
111,1.1099998950958252,-5.253349387812545,-3.62
112,1.120999813079834,-5.511743701997233,-3.93
113,1.1299998760223389,-5.717825096069201,1.04
114,1.1399998664855957,-5.869083445941664,4.69
115,1.1499998569488525,-5.963510430405981,4.99
116,1.1599998474121094,-5.999631039492931,5.06
117,1.1710000038146973,-5.976530453336101,5.54
118,1.180999994277954,-5.89387584513537,5.38
119,1.190999984741211,-5.7519326998439135,5.25
120,1.2009999752044678,-5.551575284615088,3.18
121,1.2109999656677246,-5.294290957646394,2.14
122,1.2209999561309814,-4.982178058560265,1.78
123,1.2299997806549072,-4.617937185491162,1.55
124,1.239999771118164,-4.204855731142232,1.49
125,1.25,-3.746785621680268,1.3
126,1.2599999904632568,-3.2481142778174856,1.08
127,1.2709999084472656,-2.7137288960596857,1.02
128,1.2799999713897705,-2.148974229082799,0.9
129,1.2899999618530273,-1.5596041266579723,0.84
130,1.3009998798370361,-0.9517271815377668,0.78
131,1.310999870300293,-0.3317469072447651,0.76
132,1.3209998607635498,0.29370304428205285,0.68
133,1.3309998512268066,0.9178280388106398,0.66
134,1.3409998416900635,1.5337453286310943,0.42
135,1.3509998321533203,2.1345599031109317,-0.39
136,1.3609998226165771,2.7134425261210944,-1.02
137,1.370999813079834,3.2637091086023595,-1.25
138,1.3809998035430908,3.7789005158114897,-1.73
139,1.3909997940063477,4.252861869205287,-2.29
140,1.4009997844696045,4.6798203734445485,-2.76
141,1.4109997749328613,5.0544606805001555,-3.18
142,1.4210000038146973,5.371996796090269,-3.6
143,1.430999994277954,5.6282395393269145,-3.98
144,1.440999984741211,5.819658585023131,-1.27
145,1.4509999752044678,5.943438149983749,4.85
146,1.4609999656677246,5.997525429988229,5.1
147,1.4709999561309814,5.980670953112739,5.07
148,1.4809999465942383,5.892460087388422,5.43
149,1.489999771118164,5.733335026218051,5.47
150,1.500999927520752,5.504606672940256,5.3
151,1.5109999179840088,5.208455955703343,3.53
152,1.5209999084472656,4.847924224449852,2.17
153,1.5309998989105225,4.4268925121784335,1.9
154,1.5409998893737793,3.9500495814042154,1.65
155,1.5499999523162842,3.4228488223581186,1.44
156,1.559999942779541,2.851454220248714,1.26
157,1.5699999332427979,2.2426757629945007,1.2
158,1.5799999237060547,1.603894816214476,1.04
159,1.5899999141693115,0.9429801468131229,0.91
160,1.5999999046325684,0.2681954279889509,0.86
161,1.6109998226165771,-0.4119007953612846,0.76
162,1.619999885559082,-1.0885615634087937,0.71
163,1.6299998760223389,-1.7529631344542167,0.33
164,1.6399998664855957,-2.3963204322978475,-0.7
165,1.6499998569488525,-3.010004844395959,-1.0
166,1.6599998474121094,-3.585662822460056,-1.37
167,1.6699998378753662,-4.115333671052627,-1.97
168,1.679999828338623,-4.591564864167161,-2.44
169,1.6899998188018799,-5.007523206353742,-3.0
170,1.6999998092651367,-5.357100155016159,-3.43
171,1.7099997997283936,-5.635009645118542,-3.86
172,1.7199997901916504,-5.836876807440252,-4.21
173,1.7299997806549072,-5.9593160470937905,2.06
174,1.739999771118164,-5.999997050284575,5.05
175,1.75,-5.957697413860474,5.14
176,1.7599999904632568,-5.832340743277297,5.26
177,1.7699999809265137,-5.625019238978354,5.61
178,1.7799999713897705,-5.337999987211253,5.26
179,1.7909998893737793,-4.974714386921584,4.94
180,1.8009998798370361,-4.539730377100222,2.73
181,1.809999942779541,-4.038707375954248,2.05
182,1.8199999332427979,-3.478334101290465,1.76
183,1.8299999237060547,-2.866249706981907,1.57
184,1.8399999141693115,-2.2109489394728046,1.42
185,1.8499999046325684,-1.521672286865487,1.28
186,1.8599998950958252,-0.8082823569306403,1.09
187,1.869999885559082,-0.08112797496643034,1.01
188,1.8799998760223389,0.6491022666787858,0.88
189,1.8899998664855957,1.3715350528907853,0.73
190,1.8999998569488525,2.0752738291984603,0.01
191,1.9109997749328613,2.749564396262534,-0.69
192,1.9199998378753662,3.3839621448124424,-1.07
193,1.929999828338623,3.968498352246391,-1.61
194,1.9399998188018799,4.4938428916495115,-2.22
195,1.9499998092651367,4.951460673994466,-2.8
196,1.9599997997283936,5.333759156991754,-3.28
197,1.9699997901916504,5.634224311060763,-3.72
198,1.9799997806549072,5.847542535120345,-4.14
199,1.989999771118164,5.969706162545785,-1.71
200,2.0,5.998100390130411,4.95
201,2.009999990463257,5.931569698846038,5.18
202,2.0199999809265137,5.770462112421177,5.14
203,2.0299999713897705,5.516649955232282,5.45
204,2.0399999618530273,5.173526120904539,5.34
205,2.049999952316284,4.7459752427367,5.01
206,2.059999942779541,4.240319561250515,3.66
207,2.069999933242798,3.6642397067921677,2.24
208,2.0799999237060547,3.0266710495447566,1.86
209,2.0899999141693115,2.3376767083986856,1.59
210,2.0999999046325684,1.6082987463055027,1.51
211,2.109999895095825,0.8503895051562582,1.32
212,2.119999885559082,0.07642543985389488,1.2
213,2.129999876022339,-0.7006938089551392,1.03
214,2.1399998664855957,-1.4678580189855277,0.87
215,2.1499998569488525,-2.211967280114285,0.09
216,2.1599998474121094,-2.920157537723841,-0.76
217,2.169999837875366,-3.5800269486594174,-1.22
218,2.179999828338623,-4.179859078227135,-1.69
219,2.18999981880188,-4.708838899128899,-2.32
220,2.1999998092651367,-5.157257556773318,-2.92
221,2.2099997997283936,-5.516701942825612,-3.39
222,2.2199997901916504,-5.7802252716952855,-3.83
223,2.2299997806549072,-5.94249508308924,-4.25
224,2.240999937057495,-5.99991539652692,-0.8
225,2.25,-5.9507201180967,4.97
226,2.259999990463257,-5.795035241511566,5.29
227,2.2709999084472656,-5.534907888992768,5.15
228,2.2799999713897705,-5.1743007955264915,5.31
229,2.2899999618530273,-4.719051444079906,5.16
230,2.299999952316284,-4.1767956996373155,4.87
231,2.309999942779541,-3.5568564554929645,3.64
232,2.32099986076355,-2.8700984842078836,2.19
233,2.3299999237060547,-2.1287513653106824,1.84
234,2.3409998416900635,-1.3462030289364224,1.69
235,2.3509998321533203,-0.5367670955647494,1.4
236,2.360999822616577,0.28457220681987316,1.25
237,2.369999885559082,1.102433218918382,1.15
238,2.380999803543091,1.901323308747494,1.04
239,2.3899998664855957,2.6659333985243028,-0.42
240,2.3999998569488525,3.381435031870968,-0.89
241,2.4099998474121094,4.033774238961344,-1.49
242,2.419999837875366,4.609956350256903,-2.04
243,2.429999828338623,5.098315916281512,-2.74
244,2.43999981880188,5.488766015697209,-3.24
245,2.4499998092651367,5.7730214787377125,-3.75
246,2.4599997997283936,5.94479091739267,-4.16
247,2.4699997901916504,5.999932934664198,-3.76
248,2.4799997806549072,5.936572477219036,4.88
249,2.489999771118164,5.755173990745295,5.09
250,2.5,5.458568824689667,5.12
251,2.509999990463257,5.051935199787726,5.06
252,2.5199999809265137,4.542729982660232,5.27
253,2.5299999713897705,3.940572489475322,4.78
254,2.5399999618530273,3.2570815462846645,4.28
255,2.549999952316284,2.5056680467498103,2.61
256,2.559999942779541,1.7012862471914258,1.94
257,2.569999933242798,0.8601480022356363,1.73
258,2.5799999237060547,-0.0005949503162441309,1.49
259,2.5899999141693115,-0.8631947211675187,1.31
260,2.5999999046325684,-1.7096703585932564,-0.02
261,2.609999895095825,-2.5221830310156648,-0.66
262,2.619999885559082,-3.2834155724165224,-0.57
263,2.629999876022339,-3.9769483464057593,-1.33
264,2.6399998664855957,-4.587623237118608,-1.92
265,2.6499998569488525,-5.1018876027019795,-2.57
266,2.6599998474121094,-5.508110235791886,-3.18
267,2.669999837875366,-5.7968617670482026,-3.72
268,2.679999828338623,-5.961152520398025,-4.11
269,2.68999981880188,-5.99662157584701,-4.44
270,2.6999998092651367,-5.901671707001096,3.84
271,2.7099997997283936,-5.677545921067944,5.08
272,2.7199997901916504,-5.328342520309487,5.07
273,2.7299997806549072,-4.860966903154813,5.02
274,2.739999771118164,-4.285019704501177,5.09
275,2.75,-3.6126223092226564,4.62
276,2.759999990463257,-2.85818222926182,4.22
277,2.7699999809265137,-2.038102279819838,3.15
278,2.7799999713897705,-1.1704388899575815,2.0
279,2.7899999618530273,-0.27451620294636453,1.7
280,2.799999952316284,0.6294961719315995,1.5
281,2.809999942779541,1.5210328342742232,1.32
282,2.819999933242798,2.3795998886551275,1.17
283,2.8299999237060547,3.185249376630484,-0.51
284,2.8399999141693115,3.919049906836178,-1.15
285,2.8499999046325684,4.563542338984337,-1.67
286,2.859999895095825,5.103169431008311,-2.47
287,2.870999813079834,5.524668679704321,-3.12
288,2.879999876022339,5.817418175583658,-3.62
289,2.8899998664855957,5.973726147347552,-4.08
290,2.8999998569488525,5.989055978773223,-4.46
291,2.9099998474121094,5.862179822504423,0.48
292,2.919999837875366,5.59525548638299,5.04
293,2.929999828338623,5.193822997465985,5.08
294,2.93999981880188,4.6667191200056735,4.93
295,2.9499998092651367,4.025910074708055,4.91
296,2.9599997997283936,3.286244731685448,4.59
297,2.9699997901916504,2.4651325797014514,4.01
298,2.9799997806549072,1.5821527585810844,3.43
299,2.989999771118164,0.6586023282538105,2.35
300,3.0,-0.28300631444615465,1.78
301,3.009999990463257,-1.2194874207688369,1.6
302,3.0199999809265137,-2.127550531529651,1.45
303,3.0299999713897705,-2.9843820210215357,-0.24
304,3.0399999618530273,-3.768225102349466,-1.02
305,3.049999952316284,-4.458943516757296,-1.57
306,3.059999942779541,-5.038554164246471,-2.15
307,3.069999933242798,-5.49171435031929,-2.91
308,3.0799999237060547,-5.806150126027374,-3.49
309,3.0899999141693115,-5.97301337756878,-3.95
310,3.0999999046325684,-5.987156859057322,-4.35
311,3.109999895095825,-5.8473182291420835,-3.6
312,3.119999885559082,-5.556206310359805,4.81
313,3.129999876022339,-5.120485191676385,5.19
314,3.1399998664855957,-4.550654383498204,4.81
315,3.1499998569488525,-3.860825947241855,4.7
316,3.1599998474121094,-3.0684022893611305,4.51
317,3.169999837875366,-2.193661059504107,3.88
318,3.179999828338623,-1.2592562489661243,3.31
319,3.18999981880188,-0.28964707335144335,2.77
320,3.1999998092651367,0.6895315312493489,2.07
321,3.2099997997283936,1.652141035828135,1.59
322,3.2199997901916504,2.5722367490896287,1.34
323,3.2299997806549072,3.4247721034059886,-0.69
324,3.239999771118164,4.186290697577382,-1.26
325,3.25,4.835586857094576,-1.74
326,3.259999990463257,5.354315862377489,-2.51
327,3.2699999809265137,5.7275359221781805,-3.19
328,3.2799999713897705,5.944165424357037,-3.73
329,3.2899999618530273,5.997340955619442,-4.18
330,3.299999952316284,5.884664006322699,-4.5
331,3.309999942779541,5.6083271121861085,1.01
332,3.319999933242798,5.175113363952801,5.04
333,3.3299999237060547,4.59626665871385,4.88
334,3.3399999141693115,3.8872336821637776,4.64
335,3.3499999046325684,3.0672823006972525,4.35
336,3.359999895095825,2.159004701467237,4.06
337,3.369999885559082,1.1877171399466708,3.34
338,3.379999876022339,0.18077143103058554,2.59
339,3.3899998664855957,-0.8332037524633032,1.91
340,3.3999998569488525,-1.8251112280120414,1.19
341,3.4099998474121094,-2.766220803561167,0.41
342,3.419999837875366,-3.629008093732607,-0.53
343,3.429999828338623,-4.387972141767792,-1.2
344,3.43999981880188,-5.020407370470809,-2.04
345,3.4499998092651367,-5.507106148241144,-2.72
346,3.4599997997283936,-5.832969748436555,-3.37
347,3.4699997901916504,-5.987507679755084,-3.85
348,3.4799997806549072,-5.965208227788618,-4.27
349,3.489999771118164,-5.765766507320029,-2.21
350,3.5,-5.394160294688463,4.88
351,3.509999990463257,-4.860568284314986,4.96
352,3.5199999809265137,-4.180130071809584,4.64
353,3.5309998989105225,-3.3725519735272744,4.53
354,3.5409998893737793,-2.4615676052811524,4.23
355,3.550999879837036,-1.4742668122823248,3.48
356,3.559999942779541,-0.4403109187395445,2.82
357,3.57099986076355,0.6089437965966916,2.07
358,3.5799999237060547,1.6413891300238843,1.46
359,3.5899999141693115,2.6251465545416286,0.56
360,3.5999999046325684,3.5295576002129776,-0.27
361,3.609999895095825,4.326152246882992,-1.13
362,3.619999885559082,4.989564535226991,-1.94
363,3.629999876022339,5.498365549474325,-2.7
364,3.6399998664855957,5.835785847049955,-3.31
365,3.6499998569488525,5.990302274859358,-3.87
366,3.6599998474121094,5.9560678555314155,-4.27
367,3.669999837875366,5.733167955501273,-0.94
368,3.679999828338623,5.327691137506673,4.83
369,3.68999981880188,4.751608804277015,4.9
370,3.6999998092651367,4.022463787475303,4.66
371,3.7099997997283936,3.1628742388630884,4.45
372,3.7199997901916504,2.1998653403218142,4.01
373,3.7299997806549072,1.1640472616693267,3.35
374,3.739999771118164,0.08866325742022269,2.62
375,3.75,-0.9914633887699611,1.88
376,3.759999990463257,-2.041050869734626,1.11
377,3.7709999084472656,-3.025513096678505,0.41
378,3.7799999713897705,-3.912109063876958,-0.77
379,3.7899999618530273,-4.671049031950191,-1.39
380,3.799999952316284,-5.276519802600376,-2.19
381,3.809999942779541,-5.70759322076951,-3.01
382,3.82099986076355,-5.948985163970347,-3.59
383,3.8299999237060547,-5.99163659390119,-4.1
384,3.8399999141693115,-5.833093640062946,-4.39
385,3.8499999046325684,-5.477670005810712,1.58
386,3.859999895095825,-4.936382043938547,4.83
387,3.869999885559082,-4.226654419645566,4.72
388,3.879999876022339,-3.3718021165693055,4.45
389,3.8899998664855957,-2.4003023821344542,4.16
390,3.8999998569488525,-1.3448777786709762,3.54
391,3.9099998474121094,-0.24141853414576045,2.83
392,3.919999837875366,0.872221391286932,2.04
393,3.929999828338623,1.957514931630957,1.31
394,3.93999981880188,2.976595728200805,0.49
395,3.9499998092651367,3.8935891440212016,-0.6
396,3.9599997997283936,4.675893579280516,-1.32
397,3.9699997901916504,5.2953659155343,-2.28
398,3.9799997806549072,5.729367307969914,-2.98
399,3.989999771118164,5.961629562357207,-3.63
400,4.0,5.982907878332789,-4.11
401,4.009999990463257,5.79139265689553,-2.4
402,4.019999980926514,5.392861146071309,4.83
403,4.0299999713897705,4.800558674223054,4.94
404,4.039999961853027,4.034808793822135,4.58
405,4.049999952316284,3.1223614965110436,4.55
406,4.059999942779541,2.09549840950471,3.97
407,4.069999933242798,0.9909231824197131,3.33
408,4.079999923706055,-0.15152623364250253,2.52
409,4.0899999141693115,-1.2902993638844777,1.71
410,4.099999904632568,-2.3836390936074507,0.93
411,4.109999895095825,-3.391117516960615,-0.06
412,4.119999885559082,-4.275145333980462,-0.93
413,4.129999876022339,-5.002398157302895,-1.75
414,4.139999866485596,-5.545104987530298,-2.59
415,4.1499998569488525,-5.882148120991987,-3.24
416,4.159999847412109,-5.999929772705918,-3.85
417,4.169999837875366,-5.8929685581647755,-4.27
418,4.179999828338623,-5.564198431760867,-0.32
419,4.18999981880188,-5.024953410003399,4.75
420,4.199999809265137,-4.294633037988886,4.72
421,4.2099997997283936,-3.4000556652806995,4.45
422,4.21999979019165,-2.3745187283108136,4.17
423,4.229999780654907,-1.2565969215787185,3.54
424,4.239999771118164,-0.08871991316435618,2.81
425,4.25,1.0844193234399566,2.03
426,4.259999990463257,2.2175668347228084,1.15
427,4.269999980926514,3.266656399320974,0.29
428,4.2799999713897705,4.1905371987778395,-0.73
429,4.289999961853027,4.952612437054336,-1.74
430,4.299999952316284,5.522322986704783,-2.55
431,4.309999942779541,5.87641488667455,-3.22
432,4.319999933242798,5.9999368063656675,-3.8
433,4.329999923706055,5.886923200901803,-4.23
434,4.3399999141693115,5.540730491343572,3.73
435,4.349999904632568,4.974006798601817,4.72
436,4.359999895095825,4.20829005199579,4.69
437,4.370999813079834,3.2732441345802714,4.54
438,4.379999876022339,2.205557530431691,3.99
439,4.389999866485596,1.0475431008447718,3.48
440,4.3999998569488525,-0.1545094582328659,2.7
441,4.409999847412109,-1.3521657983752404,1.75
442,4.421000003814697,-2.4967922379941663,0.95
443,4.429999828338623,-3.541536621440381,-0.09
444,4.43999981880188,-4.443264078654051,-0.96
445,4.449999809265137,-5.164367264665879,-1.93
446,4.4599997997283936,-5.674374214909223,-2.73
447,4.46999979019165,-5.951283787558993,-3.42
448,4.479999780654907,-5.982568579224974,-3.95
449,4.490999937057495,-5.765797861143707,-4.35
450,4.500999927520752,-5.308848029701405,3.23
451,4.510999917984009,-4.629684727555438,4.77
452,4.520999908447266,-3.7557185100724917,4.63
453,4.5299999713897705,-2.722753982162282,4.14
454,4.540999889373779,-1.5735699533029528,3.85
455,4.549999952316284,-0.3561845900666335,2.98
456,4.559999942779541,0.8781259490103202,2.1
457,4.569999933242798,2.0769750051769083,1.35
458,4.579999923706055,3.189089920703063,0.44
459,4.5899999141693115,4.166519346412567,-0.67
460,4.599999904632568,4.9667280215143945,-1.6
461,4.609999895095825,5.554486668177251,-2.52
462,4.619999885559082,5.9034717039260265,-3.25
463,4.629999876022339,5.997500417002175,-3.86
464,4.639999866485596,5.831341694064722,-3.46
465,4.6499998569488525,5.411059791379581,4.84
466,4.659999847412109,4.753868308814108,4.92
467,4.669999837875366,3.8874926489505146,4.61
468,4.679999828338623,2.8490609218135785,4.4
469,4.68999981880188,1.6835645388199427,3.81
470,4.699999809265137,0.4419496677295933,3.02
471,4.7099997997283936,-0.8210816329411339,2.3
472,4.7209999561309814,-2.049467266832622,1.37
473,4.729999780654907,-3.1882739573158245,0.54
474,4.739999771118164,-4.186168922259888,-0.69
475,4.75,-4.9977628125143845,-1.63
476,4.759999990463257,-5.58571601845171,-2.49
477,4.769999980926514,-5.92250909155993,-3.27
478,4.7809998989105225,-5.991791387181417,-3.85
479,4.789999961853027,-5.78923961754127,-4.28
480,4.799999952316284,-5.322879110265244,4.32
481,4.809999942779541,-4.612844313230231,4.88
482,4.819999933242798,-3.6905804412545047,4.64
483,4.829999923706055,-2.5975139895169024,4.3
484,4.8399999141693115,-1.3832449543976997,3.69
485,4.849999904632568,-0.1033368163395155,2.9
486,4.859999895095825,1.1831994811876612,2.04
487,4.869999885559082,2.416615199149486,1.19
488,4.879999876022339,3.5392035512202584,0.19
489,4.889999866485596,4.498020325240087,-0.92
490,4.8999998569488525,5.247416499682902,-1.94
491,4.909999847412109,5.751260410767329,-2.77
492,4.919999837875366,5.984739409736506,-3.47
493,4.929999828338623,5.935648840969111,-4.08
494,4.93999981880188,5.60509885098141,-0.19
495,4.949999809265137,5.007596037085282,4.74
496,4.960999965667725,4.170486082742061,4.82
497,4.9709999561309814,3.132773964668915,4.43
498,4.980999946594238,1.9433686148183078,3.96
499,4.990999937057495,0.6588276059685354,3.23
500,5.000999927520752,-0.6592969315210117,2.48
501,5.010999917984009,-1.9473886870181414,1.47
502,5.020999908447266,-3.1428356174860905,0.67
503,5.0309998989105225,-4.187088919217682,-0.62
504,5.040999889373779,-5.02856269433188,-1.53
505,5.050999879837036,-5.625229525419804,-2.52
506,5.059999942779541,-5.946779468038904,-3.28
507,5.069999933242798,-5.976229087490205,-3.89
508,5.079999923706055,-5.710892318487312,-3.27
509,5.0899999141693115,-5.162655006164598,4.59
510,5.099999904632568,-4.357528609735003,4.97
511,5.109999895095825,-3.334494115955253,4.32
512,5.119999885559082,-2.1436829772765504,4.08
513,5.129999876022339,-0.843976060916741,3.46
514,5.139999866485596,0.4998675956929185,2.61
515,5.1499998569488525,1.8204146230350111,1.71
516,5.159999847412109,3.050936782856733,0.71
517,5.169999837875366,4.128797297754337,-0.46
518,5.179999828338623,4.998671858897186,-1.5
519,5.18999981880188,5.61543743171385,-2.43
520,5.199999809265137,5.946575959951883,-3.23
521,5.2099997997283936,5.973962207988051,-3.85
522,5.2209999561309814,5.694934329759775,-2.07
523,5.229999780654907,5.122580960916649,4.58
524,5.239999771118164,4.285218008661245,4.77
525,5.25,3.2250699087543473,4.44
526,5.259999990463257,1.9962118111106109,4.01
527,5.269999980926514,0.6618687629742256,3.26
528,5.2799999713897705,-0.7087966473673968,2.49
529,5.289999961853027,-2.044247506070727,1.52
530,5.299999952316284,-3.2743046154966753,0.62
531,5.309999942779541,-4.333853156527811,-0.68
532,5.319999933242798,-5.166327634340237,-1.65
533,5.329999923706055,-5.726787029240556,-2.61
534,5.3409998416900635,-5.984410525266,-3.38
535,5.349999904632568,-5.924272083417059,-4.03
536,5.359999895095825,-5.548288187222348,-1.79
537,5.369999885559082,-4.875275565960928,4.63
538,5.379999876022339,-3.9401024531375475,4.88
539,5.389999866485596,-2.791965535265007,4.18
540,5.3999998569488525,-1.491872595888709,3.79
541,5.409999847412109,-0.10945534284516102,3.14
542,5.419999837875366,1.2807244802117388,2.11
543,5.429999828338623,2.603182100410233,1.16
544,5.440999984741211,3.7856157215084867,0.06
545,5.449999809265137,4.762888221768202,-1.19
546,5.4599997997283936,5.4806641483030685,-2.14
547,5.46999979019165,5.898496741214337,-3.01
548,5.479999780654907,5.992186509253267,-3.71
549,5.490999937057495,5.7552701061426745,-2.9
550,5.500999927520752,5.199544088987259,4.62
551,5.509999990463257,4.354580215220398,4.74
552,5.519999980926514,3.2662444797527144,4.44
553,5.5299999713897705,1.9942880710919895,3.97
554,5.540999889373779,0.6091316941642837,3.37
555,5.549999952316284,-0.8119877985007792,2.43
556,5.559999942779541,-2.189300624240683,1.45
557,5.569999933242798,-3.444981385701828,0.57
558,5.579999923706055,-4.507569655214547,-0.8
559,5.5899999141693115,-5.316081899727008,-1.82
560,5.599999904632568,-5.823576076087659,-2.73
561,5.609999895095825,-5.999957406156175,-3.56
562,5.619999885559082,-5.833853694408588,-4.05
563,5.629999876022339,-5.333439066831236,0.73
564,5.639999866485596,-4.526143511161187,4.63
565,5.6499998569488525,-3.4572488768805787,4.53
566,5.659999847412109,-2.187436482632784,4.13
567,5.669999837875366,-0.789413452877993,3.49
568,5.679999828338623,0.6561993075530558,2.45
569,5.68999981880188,2.065488394219178,1.7
570,5.699999809265137,3.3561156459661627,0.79
571,5.7099997997283936,4.452150641213909,-0.77
572,5.71999979019165,5.288583537412463,-1.78
573,5.729999780654907,5.815247875582786,-2.68
574,5.739999771118164,5.999913277111675,-3.47
575,5.75,5.830353098446254,-4.09
576,5.759999990463257,5.315249720908236,2.96
577,5.769999980926514,4.483867073372028,4.78
578,5.7799999713897705,3.3844924148333044,4.58
579,5.789999961853027,2.08172311709434,4.03
580,5.799999952316284,0.6527447787508012,3.39
581,5.810999870300293,-0.8171898554884321,2.48
582,5.82099986076355,-2.2398199824843146,1.5
583,5.830999851226807,-3.529175748211419,0.35
584,5.8409998416900635,-4.60679956906672,-0.79
585,5.849999904632568,-5.406571591242249,-1.89
586,5.859999895095825,-5.878839940480803,-2.85
587,5.869999885559082,-5.993593910115097,-3.6
588,5.879999876022339,-5.742472503243486,-4.14
589,5.889999866485596,-5.139468810480478,3.23
590,5.8999998569488525,-4.220268668662222,4.67
591,5.909999847412109,-3.040245301375028,4.43
592,5.919999837875366,-1.6712151422935368,3.94
593,5.929999828338623,-0.19713860279998227,3.19
594,5.940999984741211,1.2909818351685791,2.19
595,5.949999809265137,2.7006996420072418,1.22
596,5.9599997997283936,3.943875786746564,-0.04
597,5.96999979019165,4.942225978154382,-1.23
598,5.979999780654907,5.632312738294929,-2.25
599,5.989999771118164,5.969660652042956,-3.14
600,6.0,5.931723211188119,-3.85
601,6.009999990463257,5.519497888466064,-0.67
602,6.019999980926514,4.757668487803153,4.73
603,6.0299999713897705,3.693245475259915,4.65
604,6.039999961853027,2.3927702442762184,4.14
605,6.049999952316284,0.9382420875639628,3.52
606,6.059999942779541,-0.5779889720633167,2.76
607,6.069999933242798,-2.0590500061926216,1.71
608,6.079999923706055,-3.4097287218054486,0.65
609,6.0899999141693115,-4.542618933547656,-0.67
610,6.099999904632568,-5.383830290211969,-1.8
611,6.109999895095825,-5.877886421295411,-2.77
612,6.120999813079834,-5.9914823679352835,-3.55
613,6.129999876022339,-5.715841191986082,-4.14
614,6.139999866485596,-5.067496970426029,4.33
615,6.1499998569488525,-4.087431636595786,4.66
616,6.159999847412109,-2.838600004357825,4.38
617,6.169999837875366,-1.4019839002539816,3.73
618,6.179999828338623,0.12858441675306595,3.06
619,6.18999981880188,1.6525041759062438,2.12
620,6.199999809265137,3.0690028033708345,1.03
621,6.2099997997283936,4.283816454489767,-0.33
622,6.21999979019165,5.215510973108668,-1.45
623,6.229999780654907,5.801016843879684,-2.52
624,6.239999771118164,5.9999975342786644,-3.42
625,6.25,5.797742842248196,-4.01
626,6.259999990463257,5.20637315581693,2.64
627,6.269999980926514,4.264250983693255,4.72
628,6.2799999713897705,3.033615589752716,4.49
629,6.290999889373779,1.5965771407620228,3.89
630,6.299999952316284,0.049720278875559576,3.09
631,6.309999942779541,-1.5023344242366834,2.2
632,6.319999933242798,-2.9539861275301944,0.0
633,6.329999923706055,-4.205852636725804,-0.69
634,6.3409998416900635,-5.171621479793949,-1.39
635,6.349999904632568,-5.784078257329188,-2.5
636,6.359999895095825,-5.999886613286916,-3.4
637,6.369999885559082,-5.802773691150607,-4.05
638,6.379999876022339,-5.204879858041437,3.78
639,6.390999794006348,-4.246155024855625,4.57
640,6.3999998569488525,-2.9918178415821535,4.49
641,6.409999847412109,-1.5280292665079598,3.85
642,6.419999837875366,0.04394093777745808,3.21
643,6.429999828338623,1.6146664149473313,2.11
644,6.43999981880188,3.0741622604171432,0.0
645,6.449999809265137,4.319603300113372,-0.8
646,6.4599997997283936,5.262620412721094,-1.47
647,6.46999979019165,5.835654164016186,-2.59
648,6.480999946594238,5.996903772813914,-3.41
649,6.490999937057495,5.733502045803434,-4.11
650,6.500999927520752,5.06266748386751,3.95
651,6.512999773025513,4.03072522426515,4.42
652,6.520999908447266,2.7100391829313275,4.42
653,6.5309998989105225,1.194048088251724,3.71
654,6.540999889373779,-0.40926277007604833,2.89
655,6.550999879837036,-1.9850045726711416,1.9
656,6.559999942779541,-3.4196059830415733,0.78
657,6.569999933242798,-4.609025362838938,-0.61
658,6.579999923706055,-5.466359122617789,-1.76
659,6.5909998416900635,-5.92828597584392,-2.8
660,6.60099983215332,-5.959863140109145,-3.63
661,6.610999822616577,-5.557303494339647,-2.83
662,6.620999813079834,-4.748504804968966,4.59
663,6.630999803543091,-3.5912635185398973,4.59
664,6.640999794006348,-2.1692747847678278,4.14
665,6.6499998569488525,-0.586184995153032,3.39
666,6.659999847412109,1.0418890660015656,2.51
667,6.669999837875366,2.594840646493103,1.47
668,6.679999828338623,3.957437045004929,0.15
669,6.68999981880188,5.027913473504245,-1.01
670,6.699999809265137,5.725653338863269,-2.25
671,6.7099997997283936,5.9973701119165925,-3.18
672,6.71999979019165,5.821309366172216,-3.89
673,6.729999780654907,5.209130912161922,1.96
674,6.739999771118164,4.205300325336402,4.53
675,6.75,2.884004329804835,4.47
676,6.759999990463257,1.3437917581996066,3.75
677,6.769999980926514,-0.29968299733909154,3.0
678,6.7799999713897705,-1.9222875447407681,1.96
679,6.789999961853027,-3.400771482823782,0.89
680,6.799999952316284,-4.622154949894258,-0.57
681,6.809999942779541,-5.4924292532065415,-1.75
682,6.819999933242798,-5.943895178021938,-2.81
683,6.829999923706055,-5.940559155718847,-3.63
684,6.8399999141693115,-5.481148287708259,-2.05
685,6.849999904632568,-4.599482299560636,4.44
686,6.859999895095825,-3.3621408383428335,4.53
687,6.869999885559082,-1.8635730406136573,4.07
688,6.879999876022339,-0.21899694268621123,3.22
689,6.889999866485596,1.444386699568656,2.33
690,6.8999998569488525,2.9972025370220514,1.17
691,6.909999847412109,4.317977504694032,-0.13
692,6.919999837875366,5.302701201765552,-1.44
693,6.929999828338623,5.8731135891919894,-2.53
694,6.940999984741211,5.98305288081709,-3.43
695,6.949999809265137,5.622339679471699,-4.11
696,6.9599997997283936,4.817860407518632,4.07
697,6.96999979019165,3.6317299129758345,4.48
698,6.979999780654907,2.156643138740994,4.21
699,6.989999771118164,0.508750860087507,3.41
700,7.0,-1.1814033326261049,2.44
701,7.009999990463257,-2.779185007266244,1.35
702,7.019999980926514,-4.1566007325406735,0.13
703,7.0299999713897705,-5.2026045376446675,-1.22
704,7.040999889373779,-5.832145603772414,-2.4
705,7.049999952316284,-5.993213223185629,-3.4
706,7.059999942779541,-5.671286080832065,-3.89
707,7.069999933242798,-4.890794455108228,4.3
708,7.079999923706055,-3.7134405827737615,4.75
709,7.0899999141693115,-2.233475588969531,4.15
710,7.099999904632568,-0.5702807090617905,3.48
711,7.109999895095825,1.141174426864122,2.52
712,7.120999813079834,2.761241803518688,1.37
713,7.129999876022339,4.156995718580028,0.12
714,7.139999866485596,5.213193730689774,-1.18
715,7.1499998569488525,5.841890379614187,-2.42
716,7.159999847412109,5.9898944737952835,-3.35
717,7.169999837875366,5.643427591132807,-4.02
718,7.179999828338623,4.829564297812547,3.44
719,7.18999981880188,3.6142959650299673,4.52
720,7.199999809265137,2.097338886224235,4.24
721,7.2099997997283936,0.4040807037590387,3.34
722,7.21999979019165,-1.324696034585521,2.43
723,7.229999780654907,-2.94447911507289,1.26
724,7.239999771118164,-4.319118252619692,-0.19
725,7.25,-5.33233116982867,-1.33
726,7.259999990463257,-5.897647425978887,-2.55
727,7.269999980926514,-5.965931550080768,-3.46
728,7.2799999713897705,-5.529819975253127,-2.31
729,7.289999961853027,-4.624658849384685,4.44
730,7.299999952316284,-3.3258215994677798,4.77
731,7.309999942779541,-1.742591975930477,3.92
732,7.319999933242798,-0.009094237080993824,3.19
733,7.329999923706055,1.7269884053259914,2.24
734,7.3409998416900635,3.316965917240002,0.0
735,7.349999904632568,4.6239006660143005,-0.75
736,7.359999895095825,5.534477616264344,-1.67
737,7.369999885559082,5.968950882329959,-2.77
738,7.379999876022339,5.888284055813075,-3.73
739,7.389999866485596,5.297832743045657,0.7
740,7.3999998569488525,4.247209091212274,4.61
741,7.409999847412109,2.8262954586042985,4.47
742,7.421000003814697,1.1577098576674245,3.8
743,7.429999828338623,-0.6136598425462592,2.86
744,7.43999981880188,-2.333170675412546,1.85
745,7.449999809265137,-3.849913991829636,0.65
746,7.4599997997283936,-5.030004699175812,-0.91
747,7.46999979019165,-5.768496986013399,-2.2
748,7.479999780654907,-5.9988584149643405,-3.18
749,7.489999771118164,-5.699135755187379,-3.95
750,7.5,-4.894227520989942,1.48
751,7.509999990463257,-3.654016264196476,4.58
752,7.519999980926514,-2.0874791005324114,4.26
753,7.5299999713897705,-0.33325557024937197,3.42
754,7.539999961853027,1.4525246367221085,2.36
755,7.549999952316284,3.1100950065754867,1.1
756,7.559999942779541,4.4903620777854,-0.26
757,7.57099986076355,5.468389619082105,-1.54
758,7.580999851226807,5.954831913418878,-2.74
759,7.5909998416900635,5.904259687292242,-3.65
760,7.60099983215332,5.319589330716742,0.27
761,7.609999895095825,4.252169011378193,4.43
762,7.620999813079834,2.79746422195415,4.4
763,7.629999876022339,1.0866855479639939,3.81
764,7.639999866485596,-0.7249233811538529,2.82
765,7.6499998569488525,-2.472104500965324,1.76
766,7.659999847412109,-3.9946518084235905,0.49
767,7.669999837875366,-5.152153854009828,-0.96
768,7.679999828338623,-5.837051727831357,-2.26
769,7.68999981880188,-5.984789179606516,-3.29
770,7.699999809265137,-5.580083927693181,-4.04
771,7.7099997997283936,-4.658695521450535,3.05
772,7.71999979019165,-3.3044747953446842,4.46
773,7.729999780654907,-1.6419159611942986,4.13
774,7.739999771118164,0.17514548856918832,3.07
775,7.75,1.9776773533893577,2.11
776,7.759999990463257,3.597146564320232,0.89
777,7.769999980926514,4.881312421577785,-0.58
778,7.7799999713897705,5.708634870792187,-1.91
779,7.789999961853027,5.999926163588288,-2.99
780,7.799999952316284,5.726116116258532,-3.85
781,7.809999942779541,4.911353606276492,3.27
782,7.819999933242798,3.631098435625099,4.51
783,7.829999923706055,2.005328620407252,4.22
784,7.8409998416900635,0.18745439045289097,3.34
785,7.849999904632568,-1.6500528533399867,2.34
786,7.859999895095825,-3.331981378102349,1.09
787,7.869999885559082,-4.697110348571982,-0.34
788,7.879999876022339,-5.613752431701994,-1.67
789,7.889999866485596,-5.9926019267050314,-2.89
790,7.8999998569488525,-5.795622167750104,-3.72
791,7.909999847412109,-5.040071363459492,0.06
792,7.919999837875366,-3.797224089328893,4.51
793,7.929999828338623,-2.1858535297023116,4.29
794,7.93999981880188,-0.3610488045620781,3.43
795,7.949999809265137,1.5005972192023624,2.44
796,7.960999965667725,3.2180271238515834,1.28
797,7.9709999561309814,4.623346956937221,-0.24
798,7.980999946594238,5.578325947920811,-1.57
799,7.990999937057495,5.988139037703144,-2.75
800,8.000999927520752,5.810972908536862,-3.73
801,8.010999917984009,5.062505290592093,0.98
802,8.019999980926514,3.814759905878209,4.44
803,8.02999997138977,2.189388549430049,4.31
804,8.039999961853027,0.3459840634424396,3.49
805,8.049999952316284,-1.5334714298653034,2.4
806,8.059999942779541,-3.2625203683342456,1.08
807,8.069999933242798,-4.668748421482073,-0.3
808,8.079999923706055,-5.611067756673501,-1.63
809,8.089999914169312,-5.9940244463278916,-2.88
810,8.099999904632568,-5.777665207995595,-3.72
811,8.109999895095825,-4.981925457756154,1.38
812,8.119999885559082,-3.685038187825349,4.48
813,8.129999876022339,-2.016059118169566,4.21
814,8.139999866485596,-0.14219869807215407,3.41
815,8.149999856948853,1.747814404879977,2.33
816,8.15999984741211,3.4626958809498967,1.03
817,8.169999837875366,4.82799481708396,-0.41
818,8.179999828338623,5.703941966668713,-1.75
819,8.18999981880188,5.999921983199614,-2.95
820,8.199999809265137,5.684055756368055,-3.82
821,8.209999799728394,4.786860083249527,2.88
822,8.21999979019165,3.398545990288778,4.39
823,8.229999780654907,1.6601649021455613,4.16
824,8.240999937057495,-0.2505523063839162,3.23
825,8.25,-2.1372603584653054,2.07
826,8.259999990463257,-3.805144573205404,0.8
827,8.269999980926514,-5.0810832768241125,-0.65
828,8.27999997138977,-5.831737223266661,-2.09
829,8.289999961853027,-5.977664656366132,-3.19
830,8.299999952316284,-5.501950474670383,-4.0
831,8.309999942779541,-4.45239120225621,3.97
832,8.319999933242798,-2.936938953124327,4.4
833,8.329999923706055,-1.1128097648533428,3.91
834,8.340999841690063,0.8296684901502969,2.89
835,8.349999904632568,2.6868269297473044,1.68
836,8.359999895095825,4.263001821740924,0.38
837,8.369999885559082,5.3912208512754285,-1.2
838,8.379999876022339,5.951036074480747,-2.45
839,8.390999794006348,5.881584970687105,-3.47
840,8.399999856948853,5.188443494100588,-0.44
841,8.40999984741211,3.943477224517184,4.57
842,8.419999837875366,2.2776327692656158,4.29
843,8.429999828338623,0.3673643861480535,3.53
844,8.440999984741211,-1.5839199114099696,2.48
845,8.449999809265137,-3.367457681536797,1.18
846,8.459999799728394,-4.791490796167692,-0.31
847,8.46999979019165,-5.701987562025959,-1.72
848,8.479999780654907,-5.9994788548721525,-2.91
849,8.489999771118164,-5.650150583329875,-3.81
850,8.5,-4.689933069626172,3.02
851,8.509999990463257,-3.221071264398454,4.44
852,8.519999980926514,-1.4014696898748529,4.1
853,8.52999997138977,0.572104457547397,3.12
854,8.54099988937378,2.4851939499138647,1.9
855,8.549999952316284,4.128934339149447,0.6
856,8.559999942779541,5.322922690932161,-0.94
857,8.57099986076355,5.935162381361558,-2.38
858,8.579999923706055,5.896864352526931,-3.44
859,8.590999841690063,5.210423830729809,-1.77
860,8.599999904632568,3.949623058471826,4.33
861,8.609999895095825,2.2519573446268537,4.39
862,8.619999885559082,0.3038518105093052,3.56
863,8.629999876022339,-1.6796665168566998,2.45
864,8.640999794006348,-3.4786418873488962,1.19
865,8.649999856948853,-4.892609983568561,-0.42
866,8.65999984741211,-5.763051874408147,-1.82
867,8.669999837875366,-5.991355135753526,-3.0
868,8.679999828338623,-5.550227391534188,-3.85
869,8.68999981880188,-4.487216374448292,3.75
870,8.699999809265137,-2.9198605429757793,4.46
871,8.709999799728394,-1.0229299603489952,3.95
872,8.71999979019165,0.990885926505057,2.86
873,8.729999780654907,2.894730718748157,1.55
874,8.739999771118164,4.473133071394191,0.23
875,8.75,5.546481850577755,-1.3
876,8.759999990463257,5.991635596975816,-2.69
877,8.769999980926514,5.756283530586419,-3.67
878,8.77999997138977,4.865358641923111,1.01
879,8.789999961853027,3.41869027240406,4.5
880,8.799999952316284,1.580075710010337,4.14
881,8.809999942779541,-0.4410643706598205,3.17
882,8.819999933242798,-2.4134165861159236,2.01
883,8.829999923706055,-4.110217928469001,0.74
884,8.840999841690063,-5.335393083257995,-0.93
885,8.849999904632568,-5.946367025925626,-2.33
886,8.859999895095825,-5.870882314641899,-3.45
887,8.869999885559082,-5.115813107146366,-0.58
888,8.879999876022339,-3.766872748032571,4.42
889,8.889999866485596,-1.9791573266255202,4.3
890,8.899999856948853,0.04046575845255321,3.45
891,8.90999984741211,2.057151675913216,2.23
892,8.919999837875366,3.835335832370051,0.0
893,8.929999828338623,5.166298820807519,-1.04
894,8.940999984741211,5.892808678633504,-2.12
895,8.949999809265137,5.927915747424354,-3.27
896,8.959999799728394,5.265629311340488,-0.66
897,8.96999979019165,3.982135929738718,4.51
898,8.979999780654907,2.227321211413938,4.38
899,8.990999937057495,0.20750183886435564,3.55
900,9.000999927520752,-1.8386722662838526,2.42
901,9.010999917984009,-3.668351246789511,1.07
902,9.020999908447266,-5.063346528714182,-0.42
903,9.030999898910522,-5.856286747469144,-1.96
904,9.04099988937378,-5.950918010789477,-3.25
905,9.050999879837036,-5.334061878386535,-3.31
906,9.060999870300293,-4.077715340222815,4.4
907,9.07099986076355,-2.3309431828176237,4.36
908,9.079999923706055,-0.3024370712923319,3.5
909,9.090999841690063,1.7642492625983541,2.5
910,9.10099983215332,3.619871629601297,1.15
911,9.110999822616577,5.039589668719867,-0.35
912,9.119999885559082,5.850347297016779,-2.02
913,9.13099980354309,5.952189888812506,-3.15
914,9.140999794006348,5.330867073522095,-2.39
915,9.150999784469604,4.060100765760189,4.43
916,9.160999774932861,2.2931403784940025,4.43
917,9.171000003814697,0.2445323841589555,3.52
918,9.180999994277954,-1.8357594925200624,2.47
919,9.190999984741211,-3.692784016987846,1.1
920,9.200999975204468,-5.097887673094665,-0.47
921,9.210999965667725,-5.877012917310543,-1.94
922,9.220999956130981,-5.932491027170851,-3.26
923,9.230999946594238,-5.255574264346749,-2.39
924,9.240999937057495,-3.928066482189591,4.37
925,9.250999927520752,-2.1127440350350244,4.36
926,9.260999917984009,-0.03364756935248763,3.43
927,9.270999908447266,2.051402038449503,2.31
928,9.280999898910522,3.882714143393086,0.0
929,9.29099988937378,5.2311246512620695,-1.01
930,9.300999879837036,5.92683172848777,-2.18
931,9.309999942779541,5.881024234144932,-3.38
932,9.32099986076355,5.097519110007316,1.88
933,9.330999851226807,3.67284836295363,4.49
934,9.342000007629395,1.7846732823934413,4.42
935,9.35099983215332,-0.33012507105244343,3.32
936,9.359999895095825,-2.405009846621218,2.14
937,9.370999813079834,-4.1773380445481845,0.8
938,9.38099980354309,-5.421679755098376,-0.87
939,9.391999959945679,-5.978672287603806,-2.41
940,9.400999784469604,-5.775694689785017,-3.55
941,9.410999774932861,-4.836648879921391,-1.33
942,9.421000003814697,-3.2794941208503596,4.46
943,9.430999994277954,-1.3017330511731644,4.05
944,9.440999984741211,0.8444061478038872,3.04
945,9.450999975204468,2.8840043298048457,1.81
946,9.460999965667725,4.554652627157511,0.34
947,9.470999956130981,5.64031663608526,-1.37
948,9.480999946594238,5.999481589519244,-2.74
949,9.490999937057495,5.583886499888649,-3.02
950,9.500999927520752,4.4453323584280025,4.34
951,9.509999990463257,2.729568170512786,4.5
952,9.519999980926514,0.657926489472384,3.77
953,9.52999997138977,-1.5010178180025089,2.72
954,9.539999961853027,-3.466165536651145,1.37
955,9.549999952316284,-4.980514580710635,-0.29
956,9.559999942779541,-5.844912661710736,-1.8
957,9.569999933242798,-5.9444914259894786,-3.05
958,9.579999923706055,-5.264243394652066,-3.98
959,9.589999914169312,-3.8915912925810554,4.02
960,9.60099983215332,-2.005488830301995,4.16
961,9.610999822616577,0.14663593031103445,3.52
962,9.620999813079834,2.2811619692007525,2.2
963,9.63099980354309,4.115594807563939,0.85
964,9.640999794006348,5.406022745134223,-0.68
965,9.650999784469604,5.9797358797210265,-2.34
966,9.660999774932861,5.758622501884478,-3.47
967,9.671000003814697,4.770138260399106,2.51
968,9.680999994277954,3.144267408248202,4.34
969,9.690999984741211,1.0967515867425421,4.05
970,9.700999975204468,-1.0992954501507106,2.98
971,9.709999799728394,-3.1496866706660436,1.65
972,9.720999956130981,-4.778568967267342,0.07
973,9.730999946594238,-5.765661979719646,-1.49
974,9.740999937057495,-5.976286159135828,-2.97
975,9.750999927520752,-5.380056487600985,-3.86
976,9.760999917984009,-4.055606953071743,3.88
977,9.770999908447266,-2.180575753536614,4.35
978,9.77999997138977,-0.008074323296382151,3.58
979,9.79099988937378,2.1672847551759027,2.38
980,9.800999879837036,4.049269547701362,-0.03
981,9.810999870300293,5.380432686367804,-1.12
982,9.82099986076355,5.977519514128165,-2.34
983,9.831999778747559,5.7569863816906075,-3.56
984,9.840999841690063,4.747038164695555,3.2
985,9.85099983215332,3.084407125808679,4.42
986,9.859999895095825,0.9961758725161716,4.04
987,9.870999813079834,-1.2309877732589072,2.93
988,9.879999876022339,-3.2900521749872933,1.64
989,9.889999866485596,-4.895953179085945,-0.05
990,9.900999784469604,-5.825200005524741,-1.62
991,9.90999984741211,-5.947235322786252,-3.06
992,9.919999837875366,-5.243115463017224,-3.88
993,9.929999828338623,-3.808794201440879,4.06
994,9.940999984741211,-1.8424114227553465,4.21
995,9.950999975204468,0.38278398585286066,3.5
996,9.960999965667725,2.556219875881589,2.15
997,9.970999956130981,4.37329766311167,0.67
998,9.980999946594238,5.578172912886648,-1.08
999,9.990999937057495,6.0,-2.51
